Video Name,Frame ID,Object ID,Class ID,Class Name,Confidence,BoundingBox_X,BoundingBox_Y,BoundingBox_Width,BoundingBox_Height
Airplane_Pousando_16.mp4,41909.0,1,4.0,airplane,0.34375,427.5,356.5,289.0,46.75
Airplane_Pousando_16.mp4,41910.0,1,4.0,airplane,0.38818359375,428.25,357.25,289.75,47.5
Airplane_Pousando_16.mp4,41912.0,1,4.0,airplane,0.251708984375,428.5,354.75,293.5,50.25
Airplane_Pousando_16.mp4,41913.0,1,4.0,airplane,0.30029296875,428.5,355.5,296.5,50.75
Airplane_Pousando_16.mp4,41914.0,1,4.0,airplane,0.28369140625,428.5,355.75,296.5,49.5
Airplane_Pousando_16.mp4,41915.0,1,4.0,airplane,0.26025390625,428.5,355.75,297.0,50.25
Airplane_Pousando_16.mp4,41916.0,1,4.0,airplane,0.404052734375,431.0,357.25,294.0,46.25
Airplane_Pousando_16.mp4,41917.0,1,4.0,airplane,0.299560546875,431.5,356.5,293.5,47.5
Airplane_Pousando_16.mp4,41924.0,1,4.0,airplane,0.28369140625,437.0,324.0,293.0,83.75
