Video Name,Frame ID,Object ID,Class ID,Class Name,Confidence,BoundingBox_X,BoundingBox_Y,BoundingBox_Width,BoundingBox_Height
guarulhos (51).mp4,21055.0,1,4.0,airplane,0.251708984375,1268.0,494.75,69.0,36.25
guarulhos (51).mp4,21060.0,1,4.0,airplane,0.2978515625,1265.0,494.25,66.0,35.75
guarulhos (51).mp4,21061.0,1,4.0,airplane,0.50439453125,1264.0,494.25,66.0,35.75
guarulhos (51).mp4,21062.0,1,4.0,airplane,0.422607421875,1264.0,494.0,66.0,36.0
guarulhos (51).mp4,21063.0,1,4.0,airplane,0.443115234375,1264.0,494.0,66.0,36.0
guarulhos (51).mp4,21064.0,1,4.0,airplane,0.442626953125,1263.0,494.0,67.0,36.0
