Video Name,Frame ID,Object ID,Class ID,Class Name,Confidence,BoundingBox_X,BoundingBox_Y,BoundingBox_Width,BoundingBox_Height
guarulhos (51).mp4,35411.0,1,4.0,airplane,0.251953125,482.0,611.5,64.0,19.5
guarulhos (51).mp4,35412.0,1,4.0,airplane,0.2568359375,482.0,611.5,64.0,19.5
guarulhos (51).mp4,35413.0,1,4.0,airplane,0.251708984375,482.0,611.5,64.0,19.5
guarulhos (51).mp4,35689.0,1,4.0,airplane,0.260986328125,1050.0,494.5,64.0,14.75
guarulhos (51).mp4,35690.0,1,4.0,airplane,0.25634765625,1050.0,494.5,64.0,14.75
guarulhos (51).mp4,35691.0,1,4.0,airplane,0.25048828125,1049.0,494.75,65.0,14.5
guarulhos (51).mp4,35694.0,1,4.0,airplane,0.253173828125,1049.0,494.75,65.0,14.5
guarulhos (51).mp4,35695.0,1,4.0,airplane,0.2568359375,1049.0,494.75,65.0,14.5
