Video Name,Frame ID,Object ID,Class ID,Class Name,Confidence,BoundingBox_X,BoundingBox_Y,BoundingBox_Width,BoundingBox_Height
guarulhos (62).mp4,10559.0,1,4.0,airplane,0.3486328125,646.0,578.5,65.5,23.5
guarulhos (62).mp4,10560.0,1,4.0,airplane,0.25390625,646.5,578.0,65.0,24.0
guarulhos (62).mp4,10561.0,1,4.0,airplane,0.332763671875,646.0,578.5,65.5,23.5
guarulhos (62).mp4,10562.0,1,4.0,airplane,0.28662109375,646.0,577.5,65.5,24.5
guarulhos (62).mp4,10678.0,1,4.0,airplane,0.32861328125,561.5,579.5,85.0,22.0
guarulhos (62).mp4,10679.0,1,4.0,airplane,0.33251953125,561.5,579.5,85.0,22.0
guarulhos (62).mp4,10680.0,1,4.0,airplane,0.33251953125,561.5,579.5,85.0,22.0
guarulhos (62).mp4,10681.0,1,4.0,airplane,0.302490234375,562.0,579.5,84.0,22.0
guarulhos (62).mp4,10682.0,1,4.0,airplane,0.33154296875,562.0,579.5,84.0,22.0
